name,top_song_1,top_song_2,top_song_3
2hollis,gold,cliche,afraid
A Guy Called Gerald Live,Voodoo Ray,Blow Your House Down,Voodoo Ray (Demo Version)
Absolutely,DON'T BELIEVE IT,Joy.,
Addison Rae,Fame is a Gun,Diet Pepsi,Aquamarine
Agriculture,Hallelujah,,
Ahadadream,TAKA,Bass Dhol,Big Boy Tracks
Aiko el Grupo,wormz,el aWard es para:,modo sigilo
Akazie,O Meu Amor (Rework),The Third Afterlife,
Ale Hope,,,
Alex G,Sarah,Harvey,Treehouse (feat. Emily Yacina)
Amaarae,Reckless & Sweet,Girlie-Pop!,Kiss Me Thru The Phone pt 2
Amiga Date Cuenta,,,
Anna von Hausswolff,Aging Young Women (feat. Ethel Cain),The Iconoclast,Ugly and Vengeful
Annahstasia,Be Kind,Hold You Up,Sunday
Anthony Naples,Fog FM,Lucys,Tango
Ashnikko,Halloweenie IV: Innards,Panic Attacks in Paradise,Drunk With My Friends
Aurora Halal,Liquiddity,Off the Top,Joey
Babymorocco,Everyone,Sun Sex Party,Body Organic Disco Electronic
Bad Gyal,Te Daré,Fiebre,KÁRMIKA
BAMBII,Hooked (feat. Aluna),Twitch,WICKED GYAL
Barry B,TRANKIS,Vis a Vis,Monster Truck
Baxter Dury,Lips,Other Men's Girls,Leak At the Disco
Bclip,Vltrv (Mixed),ÁNGEL - BCLIP CLUB VERSION,Gvbby (Mixed)
.bd.,,,
Beatrice M.,Ever,Ocean,Motion
Bel Cobain,Leader,Introverted Stoner,Emocean
Ben UFO,,,
berlioz,deep in it,jazz is for ordinary people,peace
Bestia Bebé,El Podio del TC,Sabés!,Cangrejal
Beverly Glenn-Copeland and Elizabeth Copeland,Old Melody,Harbour (Song For Elizabeth),Ever New
Big Thief,Velvet Ring,Vampire Empire,Simulation Swarm
BLOND:ISH,Never Walk Alone,nothin lasts 4ever,Self Love
Blood Orange,Champagne Coast,Best to You (feat. Empress Of),Charcoal Baby
Bombificadas,,,
Brat Star DJ Set,Margot Tenenbaum,Dirty Hokas,David Fincher
Brìghde Chaimbeul,O Chiadain an Lo,Dùsgadh/Waking,Skye Boat Song (Arr. Chaimbeul & Campbell for Violin & Scottish Smallpipe)
Brutalismus 3000,Romantika,Satan Was a Babyboomer,SPIRAL
Buscabulla,Tártaro,Eternamente,Métele
Call Super,No Wonder We Go Under,Waterways,Korals
Cameron Winter,Love Takes Miles,Nausicaä (Love Will Be Revealed),Take It With You
Cara Delevingne,I Feel Everything,Out of my Head,Hallmark Movie
Carl Cox,Burn Tonight,Finder (Carl Cox Remix Edit),Beat the Track
caroline,,,
Chéri,,,
Chica Acosta,Dura,Fayos,
Cobrah,Fantasy,Hush,Platinum
Corte!,,,
Dani Dicostas,homesick,Lágrimas,Si te vas
Dave P.,Magic Love,Event 654,Starting Over
deBasement,FRONT LEFT SPEAKER,Aperol Spritz,Aperol Spritz (Ibiza'd) [Instrumental]
Debit,,,
Depresión Sonora,Ya No Hay Verano,Como todo el Mundo,Fumando en mi Funeral
Dharmacide,Horses/Divorces,Lovers,If She Calls (Back Again)
Dijon,The Dress,DEVOTION,Talk Down
Disobey,,,
Dj Khalipha,Mara pass Mara Beat,Ahh 2.0,Brotherly (Street House Beat)
DJ Koolt,Let Me Clear My Throat (Old School Reunion Remix '96),Let Me Clear My Throat (Live),Put That Hump (In Your Back)
DJ Marcelle,Dub (Dub) [Mixed],Outro,I Have Been Doing Some Accounting This Afternoon
DJ Nobu,Flares,Milaglen,Karuna
DJ Playero,Adrenaline,ULTIMO BESO,TA TO HABLAO
Doja Cat,Kiss Me More (Instrumental),Need To Know,Like That (feat. Gucci Mane)
Ecco2k,Girls Just Want to Have Fun,Amygdala,Aaa Powerline
Einstürzende Neubauten,Yü-gung (Fütter mein Ego),Halber Mensch,Tanz Debil
Ethel Cain,Strangers,American Teenager,Sun Bleached Flies
European Vampire,FRENCH TOUCH,BCBG,TOM FORD
fakemink,Under Your Skin,Puff,McQueens (Black Polo)
Father John Misty,Real Love Baby,Nancy from Now On,Chateau Lobby #4 (in C for Two Virgins)
Fcukers,"if you wanna party, come over to my house",L.U.C.K.Y,Lonely
Femtanyl,I MIGHT B3 SICK,MY HEAD HURTS,
Fillo Deportaberta,,,
Florence Road,Hanging Out To Dry,Miss,Heavy
Florentino b2b dj g2g,Estas Hecha para Mí,Una Fan Enamorada (Salsa),Robando Azules
Gara Durán,TROYA,Puntería,El lago de mi pena
Geese,Cobra,Au Pays du Cocaine,Taxes
Gelli Haha,Normalize,Klouds Will Carry Me To Sleep,Funny Music
Gisela João,Canção Ao Coração,Louca - A COLORS SHOW,"(A Casa da) Mariquinhas [feat. Francisco Gaspar, Rogerio Ferreira, Tiago Oliveira & Ricardo Parreira]"
Gorillaz,"Feel Good Inc. (feat. David Jolicoeur, Kelvin Mercer & Vincent Mason)",DARE (feat. Shaun Ryder & Roses Gabor),On Melancholy Hill
Grace Ives,Trouble,Lullaby,Fire 2
GЯEG,Dembow Tronico (feat. King Doudou) [Mixed],Dembow Tronico (feat. King Doudou),Dembow Tronico (Simo Cell Kayako Saeki Remix) [Mixed]
Greta,Highway Tune,Heat Above,Safari Song
Guedra Guedra,Paradigm,Drift of Drummer,Calling Out
Guitarricadelafuente,BABIECA!,Guantanamera,Agua y Mezcal
Hadren,+Dti,<<<<3333,Face1st
Haich Ber Na,0594 Help,Think About It,By Floras
Haloplus+,Open Air Backseat,Heart Simmer,Untitled <3
Hannah Diamond (DJ),Every Night,Poster Girl,Pink and Blue
Hekt,Forever,"Up In The Air, So",Someday (feat. Valeria Litvakov)
Hello Sasy,I Only Speak Dinero,Todo,Ride You
Hypnosis Therapy,No More Anxiety,Awaken Your Dreams,Subconscious Mind
Iglooghost,Bug Thief,Xcavator.03,Super Ink Burst
Isabella Lovestory,Mariposa,Golosa,Vuelta
Ivy Barkakati,Reactivar,Mango Sheen,Descarga
iza tkm,tiempo,todo me recuerda a ti,piezas de ti
Jade,Don't Walk Away,,
Jan,"Any Time, Any Place",No One Mourns the Wicked,Surf City
Jasmine.4.T.,Breaking In Reverse,Woman,Highfield
JASSS,Kindness over Talent,Turbo Olé,Machine Food
Jimena Amarillo,Cafeliko,Sólo Te Miro,Ni Se Nota
Joan La Barbara,"Four Walls: Act One, Scene VII (Vocal Interlude)",All My Hummingbirds Have Alibis: I. All my hummingbirds have alibis,"North Star, Film Score (For ""Mark di Suvero, Sculptor""): Etoile Polaire [North Star]"
Joey Valence & Brae,PUNK TACTICS,HOOLIGANG,DANCE NOW
Joseph Capriati,No Sleep,Easy Come Easy Go,Meandri
Juicy Bae,SOLtera nunca solA,Room 32,IDGaF
KI/KI,What's a Girl to Do in '25,Losing Control,Can't Stop Loving You
Kneecap,Carnival,Palestine (feat. Fawzi),I Measc na Laochra (Amongst the Warriors) [feat. Róisín Seoighe]
Knocked Loose,Counting Worms,Blinding Faith,Mistakes Like Fractures
korashe,Cómo duele si es tan bonito,TODOTODOTODO,santos (A AA a)
Kylesa,Scapegoat (2022 Remaster),Come as You Are,Running Red (2022 Remaster)
LaBlackie,Oh Uau,NOTI,Chinu Chano
Lambrini Girls,Love,No Homo,Cult of Celebrity
Las Petunias,audi 4 latas,Poeta en NY,patito
Léa Sen,Luv Him (about u),lvl 1 - HOME ALONE,Again
Lechuga Zafiro & Verraco: Hyperverbena,,,
Little Simz,WE PRAY,Point and Kill (feat. Obongjayar),Open Arms (feat. DEELA)
Loukeman,Manifester,Earlyy,Mad
Lucrecia Dalt,no death no danger,cosa rara (feat. David Sylvian),divina
Lusillon,,,
M8NSE,,,
Ma Ra,iru,,
Mac DeMarco,Chamber of Reflection,My Kind of Woman,For the First Time
Malena,,,
Malibu,,,
Marc Piñol,Sooner,Sooner (Live),Sooner (Mixed)
Marina,Primadonna,How to Be a Heartbreaker,
mark william lewis,Petals,Cold Paris Vogue,Painkillers
MARTIN,In the Name of Love,Scared to Be Lonely,Ocean (feat. Khalid)
Massive Attack,Angel,Teardrop,Unfinished Sympathy (2012 Mix/Master)
Matmos,For the Trees,Lipostudio... And So On,Breaking Bread
Mechatok Live,Expression On Your Face,Rainbow (Make It Double Oklou Mix),God (Evian Christ Remix)
Melt-Banana,Candy Gun,"Shield Your Eyes, a Beast in the Well of Your Hand",Zero
Men I Trust,Show Me How,I Hope to Be Around,Lauren
Menine,,,
Merzbow,Woodpecker No. 1,Promotion Man,Woodpecker No. 1 (Remastered)
Mina Galán,Bate,,
mobilegirl,Scalene,Forest Coloss,Forever
Mohammad Reza Mortazavi,Tears of a Fakir: Op1,Yek 128-12,Swamp (Ricardo Villalobos Variation)
Mourn,,,
Muna Khaled,,,
My Bloody Valentine,only tomorrow,she found now,
Natalia Lacunza,Pensar en Ti,nana triste,Olivia
neska,HASTA SIEMPRE,Lágrimas y Suspiros,Forgive Me
NEW YORK,New York,,
NewDad,Angel,Pretty,Blue
Nick León Live,Bikini,Ghost Orchid,Entropy
Nicole.Aiff,PAPELITO,,
Ninajirachi,iPod Touch,Delete,CSIRAC
Oklou,blade bird,god's chariots,harvest sky
Oli XL Live,Love & Pop (feat. Chanel Beads),Nosebleed Melody,Heretic
Ósserp,CAVALCANT L'OSSA MENOR,TOT CREMA,L'ENGANY
Ouineta,Evil Ouineta,DMs,La Roda
Overmono,Lockup,So U Kno,Good Lies
Paco Te Quiero,Bajona de Verano,"600,000",pase lo que pase
Panda Bear,9,Doin' it Right,Defense
Paula Tape,Acid Latino (Sonido Real) [Hercules & Love Affair & Orion Agassi Remix],De2 Locura,Panamericana
Paus,แค่ได้เป็นคนสุดท้ายที่เธอคิดถึง,ที่ว่าง,รักเธอทั้งหมดของหัวใจ
Pavvla,Home,Planets and Stars (Demo),Skin
Peggy Gou,(It Goes Like) Nanana (Edit),(It Goes Like) Nanana,I Feel So Free (Peggy Gou Energy Mix)
Perfecto Miserable,Termonuclear,Si todo va bien (por qué estoy tan mal???),¿Me dejas olvidar?
PinkPantheress,Stateside (with Zara Larsson),Girl Like Me,Illegal
Powder,,,
Proc Fiskal live,Apple Juice,Thurs Jung Yout,Lamentation
Ralphie Choo,VOYCONTODO,Dolores,BBY ROMEO
Raly,lqplcdm,Hawaii,aunque duela
Rashad Becker,Dances VI,Themes VI,Themes VII
Ravyn Lenae,Handle,Love Me Not,One Wish (feat. Childish Gambino)
Raya Diplomática,HETERO FARLOPERO,WANANI (37 MARICONES),NO ME QUIERO MORIR
Renaldo & Clara,Per fer-te una idea,Globus,L'amor fa calor
res_,They-Say Vision,Golden Boys,700 Mile Situation
Rian Brazil,Close 2 u (Mixed),Close 2 u,
Rilo Kiley,Silver Lining,Portions for Foxes,With Arms Outstretched
Rojuu,Umi,Dame Otro Motivo,Lucky
Role Model,Writing's On The Wall,Look At That Woman,Some Protector
Rose Gray,Joshua Tree,April,I Don't Speak French
Roza Terenzi Live,Gravity Bongo,Mwah,Bricks
rusowsky,malibU,neo roneo,mwah :3
Rustie,Attak (feat. Danny Brown),Slasherr,After Light
Sade Oulotola,,,
Safety Trance Live AV,most of me (is elsewhere),Destruccion,Cuando Suena El Dembow
Sama’ Abdulhadi,Reverie,Well Fee,Vast Visitation (Sama’ Abdulhadi Remix)
Sama Yax,,,
Shackleton Live,Blood on My Hands,,
Shlohmo,Wen Uuu,Places,The End
Six Sex,BAWDY is A LOT [Nick León + Six Sex],How to make your ass bigger,Not ur mom
Skrillex,Scary Monsters and Nice Sprites,First of the Year (Equinox),Where Are Ü Now (feat. Justin Bieber)
Skullcrusher,Dragon,,
Slowdive,When the Sun Hits,Sugar for the Pill,Dagger
Smerz,You got time and I got money,lts here,Feisty
Sofia,,,
Sofy Suars,BOCA LLENA (Sewa Choki Remix) [feat. SEWA],BOCA LLENA,NO ME INVITES
Somos la Herencia,Un Nuevo Idioma,Parque de Atenas,Hombres Libres
Curated by SONNY,One Night (feat. Raphaella) [6am Remix],Asking,Turn Back Time
Spill Tab,Roamer,Suckerrr,Window
st.frances,,,
Stein,Stranger Things,Kids,Eulogy
Sudan Archives,A BUG'S LIFE,Nont For Sale,Confessions
SVSTO,En La Pista,MIL€,Alfa
Teo Planell,Abraxas!,Beatrice,Allá Donde Quiera Que Estés
Texas Is The Reason,Do You Know Who You Are?,Back And To the Left,Johnny On the Spot
The Avalanches DJ Set,Because I'm Me,Since I Left You,Frontier Psychiatrist
The Cure,Just Like Heaven,Boys Don't Cry (Single Version),Lovesong
The New Eves,Volcano,Highway Man,Rivers Run Red
The Sophs,THE DOG DIES IN THE END,"They Told Me Jump, I Said How High",SWEETIEPIE
The xx,Intro,Crystalised,On Hold
These New Puritans,A Season In Hell,Bells,The Other Side
Tiyumii,,,
Touché Amoré,Flowers and You,Rapture,Limelight (feat. Manchester Orchestra)
Toumba live,Istibtan,Rashash (Mixed),Janoob
TV Girl,Cigarettes out the Window,Lovers Rock,Blue Hair
Underground Resistance,I Am Ur,Timeline,The Final Frontier (Nomadico Remix)
u.r.trax Live,i can’t believe (you’re real),Br0ken,xclusive nrg
Ven’nus,,,
Viagra Boys,Sports,Man Made of Meat,Troglodyte
VVV [Trippin'you],Invierno Nuclear,Ataque de Pánico en la Sierra,Mi Sangre
Water From Your Eyes,Life Signs,Nights in Armor,Playing Classics
Waterbaby,Stockholmsvy,Memory Be a Blade,Srs Ice
Wet Leg,Chaise Longue,Wet Dream,catch these fists
xavisphone,,,
Yard Act,Dream Job,The Trench Coat Museum,Petroleum
Ydegirl,Stone Femmes,Amber,Let's Make Out
¥ØU$UK€ ¥UK1MAT$U,,,
Zohar,שיר אהבה אינדיאני (מיגל),,